,0
0,data/imgs.new.CIVS\S100_UST1_USB1_Sun0_Wnd0_Rn0.5_Hail0_Snw0_Qke0_Nado0_AST0.jpg
1,data/imgs.new.CIVS\S106_UST0_USB1_Sun0_Wnd0_Rn0_Hail0_Snw0.5_Qke0_Nado0_AST0.jpg
2,data/imgs.new.CIVS\S156_UST0_USB1_Sun0_Wnd0_Rn0_Hail1_Snw0_Qke0_Nado0_AST0.jpg
3,data/imgs.new.CIVS\S190_UST1_USB1_Sun0_Wnd0_Rn0.25_Hail0_Snw0_Qke0_Nado0_AST0.jpg
4,data/imgs.new.CIVS\S57_UST1_USB0_Sun0_Wnd0_Rn0_Hail0_Snw0.5_Qke0_Nado0_AST0.jpg
5,data/imgs.new.CIVS\S236_UST1_USB1_Sun0_Wnd0_Rn0_Hail0_Snw0_Qke1_Nado0_AST0.jpg
6,data/imgs.new.CIVS\S121_UST1_USB0_Sun0_Wnd0_Rn0_Hail0_Snw0_Qke0_Nado0.25_AST0.jpg
7,data/imgs.new.CIVS\S55_UST1_USB1_Sun0_Wnd0_Rn1_Hail0_Snw0_Qke0_Nado0_AST0.jpg
8,data/imgs.new.CIVS\S64_UST1_USB1_Sun0_Wnd0_Rn0_Hail0_Snw1_Qke0_Nado0_AST0.jpg
9,data/imgs.new.CIVS\S69_UST0_USB1_Sun0_Wnd1_Rn0_Hail0_Snw0_Qke0_Nado0_AST0.jpg
10,data/imgs.new.CIVS\S134_UST0_USB1_Sun0_Wnd0_Rn0_Hail0_Snw0_Qke0.25_Nado0_AST0.jpg
11,data/imgs.new.CIVS\S76_UST1_USB0_Sun0_Wnd0_Rn0_Hail0_Snw0_Qke0_Nado1_AST0.jpg
12,data/imgs.new.CIVS\S222_UST1_USB1_Sun0_Wnd1_Rn0_Hail0_Snw0_Qke0_Nado0_AST0.jpg
13,data/imgs.new.CIVS\S37_UST1_USB0_Sun0_Wnd0_Rn0_Hail1_Snw0_Qke0_Nado0_AST0.jpg
14,data/imgs.new.CIVS\S206_UST1_USB1_Sun0_Wnd0_Rn0_Hail1_Snw0_Qke0_Nado0_AST0.jpg
15,data/imgs.new.CIVS\S123_UST0_USB1_Sun0_Wnd0_Rn0_Hail0_Snw0_Qke0_Nado0.25_AST0.jpg
16,data/imgs.new.CIVS\S104_UST1_USB0_Sun0_Wnd0_Rn0_Hail0_Snw1_Qke0_Nado0_AST0.jpg
17,data/imgs.new.CIVS\S177_UST1_USB0_Sun0_Wnd0.25_Rn0_Hail0_Snw0_Qke0_Nado0_AST0.jpg
18,data/imgs.new.CIVS\S148_UST1_USB1_Sun0_Wnd0_Rn0_Hail0_Snw0_Qke1_Nado0_AST0.jpg
19,data/imgs.new.CIVS\S109_UST1_USB1_Sun0_Wnd0_Rn0_Hail0_Snw0.5_Qke0_Nado0_AST0.jpg
20,data/imgs.new.CIVS\S143_UST0_USB1_Sun0_Wnd0_Rn0.25_Hail0_Snw0_Qke0_Nado0_AST0.jpg
21,data/imgs.new.CIVS\S186_UST1_USB0_Sun0_Wnd0_Rn0_Hail0_Snw0.5_Qke0_Nado0_AST0.jpg
22,data/imgs.new.CIVS\S165_UST1_USB0_Sun0_Wnd0_Rn0_Hail0_Snw0_Qke0_Nado1_AST0.jpg
23,data/imgs.new.CIVS\S205_UST1_USB0_Sun0_Wnd0_Rn1_Hail0_Snw0_Qke0_Nado0_AST0.jpg
24,data/imgs.new.CIVS\S73_UST1_USB1_Sun1_Wnd0_Rn0_Hail0_Snw0_Qke0_Nado0_AST0.jpg
25,data/imgs.new.CIVS\S49_UST1_USB0_Sun0_Wnd0_Rn1_Hail0_Snw0_Qke0_Nado0_AST0.jpg
26,data/imgs.new.CIVS\S21_UST1_USB1_Sun0_Wnd0.25_Rn0_Hail0_Snw0_Qke0_Nado0_AST0.jpg
27,data/imgs.new.CIVS\S65_UST1_USB0_Sun0_Wnd0.25_Rn0_Hail0_Snw0_Qke0_Nado0_AST0.jpg
28,data/imgs.new.CIVS\S258_UST1_USB1_Sun0_Wnd1_Rn0_Hail0_Snw0_Qke0_Nado0_AST0.jpg
29,data/imgs.new.CIVS\S202_UST0_USB1_Sun0_Wnd0_Rn0_Hail0_Snw0_Qke0.25_Nado0_AST0.jpg
30,data/imgs.new.CIVS\S70_UST1_USB0_Sun1_Wnd0_Rn0_Hail0_Snw0_Qke0_Nado0_AST0.jpg
31,data/imgs.new.CIVS\S240_UST1_USB0_Sun0_Wnd0_Rn0_Hail0_Snw0_Qke1_Nado0_AST0.jpg
32,data/imgs.new.CIVS\S88_UST0_USB1_Sun0_Wnd0_Rn0_Hail0_Snw0_Qke0.25_Nado0_AST0.jpg
33,data/imgs.new.CIVS\S220_UST0_USB1_Sun1_Wnd0_Rn0_Hail0_Snw0_Qke0_Nado0_AST0.jpg
34,data/imgs.new.CIVS\S261_UST1_USB0_Sun0_Wnd1_Rn0_Hail0_Snw0_Qke0_Nado0_AST0.jpg
35,data/imgs.new.CIVS\S172_UST0_USB1_Sun0_Wnd0_Rn1_Hail0_Snw0_Qke0_Nado0_AST0.jpg
36,data/imgs.new.CIVS\S1_UST1_USB0_Sun0_Wnd0_Rn0.25_Hail0_Snw0_Qke0_Nado0_AST0.jpg
37,data/imgs.new.CIVS\S25_UST1_USB0_Sun1_Wnd0_Rn0_Hail0_Snw0_Qke0_Nado0_AST0.jpg
38,data/imgs.new.CIVS\S195_UST1_USB0_Sun0_Wnd0_Rn1_Hail0_Snw0_Qke0_Nado0_AST0.jpg
39,data/imgs.new.CIVS\S252_UST1_USB0_Sun0_Wnd0_Rn0_Hail0_Snw0_Qke0_Nado1_AST0.jpg
40,data/imgs.new.CIVS\S74_UST1_USB1_Sun0_Wnd0_Rn0_Hail0_Snw0_Qke0_Nado0_AST0.jpg
41,data/imgs.new.CIVS\S237_UST1_USB1_Sun0_Wnd0_Rn0_Hail0_Snw0_Qke0.25_Nado0_AST0.jpg
42,data/imgs.new.CIVS\S116_UST1_USB0_Sun1_Wnd0_Rn0_Hail0_Snw0_Qke0_Nado0_AST0.jpg
43,data/imgs.new.CIVS\S72_UST0_USB1_Sun1_Wnd0_Rn0_Hail0_Snw0_Qke0_Nado0_AST0.jpg
44,data/imgs.new.CIVS\S105_UST0_USB1_Sun0_Wnd0_Rn0_Hail0_Snw0.25_Qke0_Nado0_AST0.jpg
45,data/imgs.new.CIVS\S216_UST1_USB0_Sun0_Wnd0_Rn0.5_Hail0_Snw0_Qke0_Nado0_AST0.jpg
46,data/imgs.new.CIVS\S227_UST1_USB0_Sun0_Wnd0_Rn0.25_Hail0_Snw0_Qke0_Nado0_AST0.jpg
47,data/imgs.new.CIVS\S68_UST1_USB0_Sun0_Wnd1_Rn0_Hail0_Snw0_Qke0_Nado0_AST0.jpg
48,data/imgs.new.CIVS\S131_UST1_USB1_Sun0_Wnd0_Rn0_Hail1_Snw0_Qke0_Nado0_AST0.jpg
49,data/imgs.new.CIVS\S129_UST1_USB0_Sun0_Wnd0_Rn0_Hail1_Snw0_Qke0_Nado0_AST0.jpg
50,data/imgs.new.CIVS\S124_UST0_USB1_Sun0_Wnd0_Rn0_Hail0_Snw0_Qke0_Nado1_AST0.jpg
51,data/imgs.new.CIVS\S243_UST0_USB1_Sun0_Wnd0_Rn0_Hail1_Snw0_Qke0_Nado0_AST0.jpg
52,data/imgs.new.CIVS\S152_UST0_USB1_Sun0_Wnd0_Rn0_Hail0_Snw0_Qke0.25_Nado0_AST0.jpg
53,data/imgs.new.CIVS\S140_UST1_USB1_Sun0_Wnd0_Rn0.25_Hail0_Snw0_Qke0_Nado0_AST0.jpg
54,data/imgs.new.CIVS\S189_UST1_USB1_Sun0_Wnd0_Rn0.5_Hail0_Snw0_Qke0_Nado0_AST0.jpg
55,data/imgs.new.CIVS\S193_UST0_USB1_Sun0_Wnd0_Rn0.25_Hail0_Snw0_Qke0_Nado0_AST0.jpg
56,data/imgs.new.CIVS\S26_UST0_USB1_Sun1_Wnd0_Rn0_Hail0_Snw0_Qke0_Nado0_AST0.jpg
57,data/imgs.new.CIVS\S102_UST1_USB0_Sun0_Wnd0_Rn0_Hail0_Snw0.25_Qke0_Nado0_AST0.jpg
58,data/imgs.new.CIVS\S128_UST1_USB1_Sun0_Wnd0_Rn0_Hail0_Snw0_Qke0_Nado0_AST1.jpg
59,data/imgs.new.CIVS\S20_UST0_USB1_Sun0_Wnd0.25_Rn0_Hail0_Snw0_Qke0_Nado0_AST0.jpg
60,data/imgs.new.CIVS\S132_UST1_USB0_Sun0_Wnd0_Rn0_Hail0_Snw0_Qke0.25_Nado0_AST0.jpg
61,data/imgs.new.CIVS\S234_UST0_USB1_Sun0_Wnd0_Rn0_Hail0_Snw0.25_Qke0_Nado0_AST0.jpg
62,data/imgs.new.CIVS\S245_UST1_USB0_Sun0_Wnd0_Rn0_Hail1_Snw0_Qke0_Nado0_AST0.jpg
63,data/imgs.new.CIVS\S150_UST1_USB1_Sun0_Wnd0_Rn0.5_Hail0_Snw0_Qke0_Nado0_AST0.jpg
64,data/imgs.new.CIVS\S95_UST1_USB0_Sun0_Wnd0_Rn1_Hail0_Snw0_Qke0_Nado0_AST0.jpg
65,data/imgs.new.CIVS\S171_UST1_USB0_Sun1_Wnd0_Rn0_Hail0_Snw0_Qke0_Nado0_AST0.jpg
66,data/imgs.new.CIVS\S51_UST0_USB1_Sun0_Wnd0_Rn0.5_Hail0_Snw0_Qke0_Nado0_AST0.jpg
67,data/imgs.new.CIVS\S138_UST1_USB1_Sun0_Wnd0_Rn0_Hail0_Snw0_Qke0_Nado0.25_AST0.jpg
68,data/imgs.new.CIVS\S203_UST1_USB0_Sun0_Wnd0_Rn0_Hail0_Snw0_Qke1_Nado0_AST0.jpg
69,data/imgs.new.CIVS\S27_UST1_USB1_Sun1_Wnd0_Rn0_Hail0_Snw0_Qke0_Nado0_AST0.jpg
70,data/imgs.new.CIVS\S40_UST1_USB0_Sun0_Wnd0_Rn0_Hail0_Snw0_Qke0.25_Nado0_AST0.jpg
71,data/imgs.new.CIVS\S127_UST0_USB1_Sun0_Wnd0_Rn0_Hail0_Snw0_Qke0_Nado0_AST1.jpg
72,data/imgs.new.CIVS\S158_UST1_USB1_Sun0_Wnd0_Rn0_Hail0_Snw0_Qke0_Nado0_AST1.jpg
73,data/imgs.new.CIVS\S139_UST1_USB1_Sun0_Wnd0_Rn1_Hail0_Snw0_Qke0_Nado0_AST0.jpg
74,data/imgs.new.CIVS\S169_UST0_USB1_Sun1_Wnd0_Rn0_Hail0_Snw0_Qke0_Nado0_AST0.jpg
75,data/imgs.new.CIVS\S270_UST0_USB1_Sun0_Wnd0_Rn0_Hail0_Snw0.5_Qke0_Nado0_AST0.jpg
76,data/imgs.new.CIVS\S255_UST1_USB0_Sun0_Wnd0_Rn0_Hail0_Snw0.5_Qke0_Nado0_AST0.jpg
77,data/imgs.new.CIVS\S238_UST0_USB1_Sun0_Wnd0_Rn0_Hail0_Snw0_Qke1_Nado0_AST0.jpg
78,data/imgs.new.CIVS\S59_UST0_USB1_Sun0_Wnd0_Rn0_Hail0_Snw0.25_Qke0_Nado0_AST0.jpg
79,data/imgs.new.CIVS\S18_UST1_USB1_Sun0_Wnd0_Rn0_Hail0_Snw1_Qke0_Nado0_AST0.jpg
80,data/imgs.new.CIVS\S84_UST0_USB1_Sun0_Wnd0_Rn0_Hail1_Snw0_Qke0_Nado0_AST0.jpg
81,data/imgs.new.CIVS\S133_UST1_USB0_Sun0_Wnd0_Rn0_Hail0_Snw0_Qke1_Nado0_AST0.jpg
82,data/imgs.new.CIVS\S60_UST0_USB1_Sun0_Wnd0_Rn0_Hail0_Snw0.5_Qke0_Nado0_AST0.jpg
83,data/imgs.new.CIVS\S98_UST0_USB1_Sun0_Wnd0_Rn1_Hail0_Snw0_Qke0_Nado0_AST0.jpg
84,data/imgs.new.CIVS\S208_UST1_USB0_Sun0_Wnd0_Rn0_Hail1_Snw0_Qke0_Nado0_AST0.jpg
85,data/imgs.new.CIVS\S16_UST1_USB1_Sun0_Wnd0_Rn0_Hail0_Snw0.25_Qke0_Nado0_AST0.jpg
86,data/imgs.new.CIVS\S224_UST1_USB0_Sun0_Wnd1_Rn0_Hail0_Snw0_Qke0_Nado0_AST0.jpg
87,data/imgs.new.CIVS\S219_UST1_USB1_Sun1_Wnd0_Rn0_Hail0_Snw0_Qke0_Nado0_AST0.jpg
88,data/imgs.new.CIVS\S107_UST0_USB1_Sun0_Wnd0_Rn0_Hail0_Snw1_Qke0_Nado0_AST0.jpg
89,data/imgs.new.CIVS\S194_UST0_USB1_Sun0_Wnd0_Rn0.25_Hail0_Snw0_Qke0_Nado0_AST0.jpg
90,data/imgs.new.CIVS\S78_UST0_USB1_Sun0_Wnd0_Rn0_Hail0_Snw0_Qke0_Nado1_AST0.jpg
91,data/imgs.new.CIVS\S147_UST1_USB1_Sun0_Wnd0_Rn0_Hail0_Snw0_Qke0_Nado0.25_AST0.jpg
92,data/imgs.new.CIVS\S163_UST0_USB1_Sun0_Wnd0_Rn0_Hail0_Snw0_Qke0_Nado1_AST0.jpg
93,data/imgs.new.CIVS\S173_UST0_USB1_Sun0_Wnd1_Rn0_Hail0_Snw0_Qke0_Nado0_AST0.jpg
94,data/imgs.new.CIVS\S125_UST1_USB1_Sun0_Wnd0_Rn0_Hail0_Snw0_Qke0_Nado1_AST0.jpg
95,data/imgs.new.CIVS\S41_UST1_USB0_Sun0_Wnd0_Rn0_Hail0_Snw0_Qke1_Nado0_AST0.jpg
96,data/imgs.new.CIVS\S239_UST0_USB1_Sun0_Wnd0_Rn0_Hail0_Snw0_Qke0.25_Nado0_AST0.jpg
97,data/imgs.new.CIVS\S33_UST1_USB1_Sun0_Wnd0_Rn0_Hail0_Snw0_Qke0_Nado1_AST0.jpg
98,data/imgs.new.CIVS\S151_UST0_USB1_Sun0_Wnd0_Rn0_Hail0_Snw0_Qke1_Nado0_AST0.jpg
99,data/imgs.new.CIVS\S7_UST1_USB1_Sun0_Wnd0_Rn0.25_Hail0_Snw0_Qke0_Nado0_AST0.jpg
100,data/imgs.new.CIVS\S244_UST1_USB0_Sun0_Wnd0_Rn0_Hail0_Snw1_Qke0_Nado0_AST0.jpg
101,data/imgs.new.CIVS\S184_UST0_USB1_Sun0_Wnd0_Rn0_Hail0_Snw0.25_Qke0_Nado0_AST0.jpg
102,data/imgs.new.CIVS\S30_UST1_USB0_Sun0_Wnd0_Rn0_Hail0_Snw0_Qke0_Nado1_AST0.jpg
103,data/imgs.new.CIVS\S221_UST1_USB0_Sun1_Wnd0_Rn0_Hail0_Snw0_Qke0_Nado0_AST0.jpg
104,data/imgs.new.CIVS\S196_UST1_USB0_Sun0_Wnd0_Rn0.5_Hail0_Snw0_Qke0_Nado0_AST0.jpg
105,data/imgs.new.CIVS\S31_UST0_USB1_Sun0_Wnd0_Rn0_Hail0_Snw0_Qke0_Nado0.25_AST0.jpg
106,data/imgs.new.CIVS\S24_UST1_USB1_Sun0_Wnd1_Rn0_Hail0_Snw0_Qke0_Nado0_AST0.jpg
107,data/imgs.new.CIVS\S162_UST1_USB1_Sun0_Wnd0_Rn0_Hail0_Snw0_Qke0_Nado1_AST0.jpg
108,data/imgs.new.CIVS\S233_UST0_USB1_Sun0_Wnd0_Rn0_Hail0_Snw0.5_Qke0_Nado0_AST0.jpg
109,data/imgs.new.CIVS\S276_UST1_USB1_Sun0_Wnd0_Rn0.5_Hail0_Snw0_Qke0_Nado0_AST0.jpg
110,data/imgs.new.CIVS\S229_UST1_USB1_Sun0_Wnd0_Rn0_Hail0_Snw1_Qke0_Nado0_AST0.jpg
111,data/imgs.new.CIVS\S256_UST1_USB1_Sun1_Wnd0_Rn0_Hail0_Snw0_Qke0_Nado0_AST0.jpg
112,data/imgs.new.CIVS\S253_UST1_USB0_Sun0_Wnd0_Rn0_Hail0_Snw0_Qke0_Nado0.25_AST0.jpg
113,data/imgs.new.CIVS\S144_UST1_USB0_Sun0_Wnd0_Rn1_Hail0_Snw0_Qke0_Nado0_AST0.jpg
114,data/imgs.new.CIVS\S226_UST0_USB1_Sun0_Wnd0.25_Rn0_Hail0_Snw0_Qke0_Nado0_AST0.jpg
115,data/imgs.new.CIVS\S274_UST1_USB0_Sun0_Wnd0_Rn0_Hail0_Snw0.25_Qke0_Nado0_AST0.jpg
116,data/imgs.new.CIVS\S182_UST0_USB1_Sun0_Wnd0_Rn0_Hail0_Snw0.5_Qke0_Nado0_AST0.jpg
117,data/imgs.new.CIVS\S230_UST1_USB1_Sun0_Wnd0_Rn0_Hail0_Snw0.5_Qke0_Nado0_AST0.jpg
118,data/imgs.new.CIVS\S112_UST0_USB1_Sun0_Wnd0.25_Rn0_Hail0_Snw0_Qke0_Nado0_AST0.jpg
119,data/imgs.new.CIVS\S90_UST1_USB1_Sun0_Wnd0_Rn0_Hail0_Snw0_Qke0.25_Nado0_AST0.jpg
120,data/imgs.new.CIVS\S142_UST0_USB1_Sun0_Wnd0_Rn0.5_Hail0_Snw0_Qke0_Nado0_AST0.jpg
121,data/imgs.new.CIVS\S19_UST1_USB0_Sun0_Wnd0.25_Rn0_Hail0_Snw0_Qke0_Nado0_AST0.jpg
122,data/imgs.new.CIVS\S199_UST1_USB1_Sun0_Wnd0_Rn0_Hail0_Snw0_Qke1_Nado0_AST0.jpg
123,data/imgs.new.CIVS\S267_UST1_USB1_Sun0_Wnd0_Rn0_Hail0_Snw0.5_Qke0_Nado0_AST0.jpg
124,data/imgs.new.CIVS\S22_UST1_USB0_Sun0_Wnd1_Rn0_Hail0_Snw0_Qke0_Nado0_AST0.jpg
125,data/imgs.new.CIVS\S217_UST1_USB0_Sun0_Wnd0_Rn0_Hail0_Snw0_Qke0_Nado0.25_AST0.jpg
126,data/imgs.new.CIVS\S103_UST1_USB0_Sun0_Wnd0_Rn0_Hail0_Snw0.5_Qke0_Nado0_AST0.jpg
127,data/imgs.new.CIVS\S13_UST0_USB1_Sun0_Wnd0_Rn0_Hail0_Snw0.25_Qke0_Nado0_AST0.jpg
128,data/imgs.new.CIVS\S110_UST1_USB1_Sun0_Wnd0_Rn0_Hail0_Snw1_Qke0_Nado0_AST0.jpg
129,data/imgs.new.CIVS\S137_UST1_USB1_Sun0_Wnd0_Rn0_Hail0_Snw0_Qke1_Nado0_AST0.jpg
130,data/imgs.new.CIVS\S160_UST1_USB0_Sun0_Wnd0_Rn0_Hail0_Snw0_Qke0_Nado0_AST1.jpg
131,data/imgs.new.CIVS\S181_UST0_USB1_Sun0_Wnd0_Rn0_Hail0_Snw1_Qke0_Nado0_AST0.jpg
132,data/imgs.new.CIVS\S201_UST0_USB1_Sun0_Wnd0_Rn0_Hail0_Snw0_Qke1_Nado0_AST0.jpg
133,data/imgs.new.CIVS\S122_UST1_USB0_Sun0_Wnd0_Rn0_Hail0_Snw0_Qke0_Nado1_AST0.jpg
134,data/imgs.new.CIVS\S207_UST0_USB1_Sun0_Wnd0_Rn0_Hail1_Snw0_Qke0_Nado0_AST0.jpg
135,data/imgs.new.CIVS\S108_UST1_USB1_Sun0_Wnd0_Rn0_Hail0_Snw0.25_Qke0_Nado0_AST0.jpg
136,data/imgs.new.CIVS\S200_UST1_USB1_Sun0_Wnd0_Rn0_Hail0_Snw0_Qke0.25_Nado0_AST0.jpg
137,data/imgs.new.CIVS\S87_UST1_USB0_Sun0_Wnd0_Rn0_Hail0_Snw0_Qke1_Nado0_AST0.jpg
138,data/imgs.new.CIVS\S47_UST1_USB0_Sun0_Wnd0_Rn0.25_Hail0_Snw0_Qke0_Nado0_AST0.jpg
139,data/imgs.new.CIVS\S213_UST0_USB1_Sun0_Wnd0_Rn0_Hail0_Snw0_Qke0_Nado1_AST0.jpg
140,data/imgs.new.CIVS\S191_UST0_USB1_Sun0_Wnd0_Rn1_Hail0_Snw0_Qke0_Nado0_AST0.jpg
141,data/imgs.new.CIVS\S46_UST1_USB1_Sun0_Wnd0_Rn0_Hail0_Snw0_Qke0_Nado0.25_AST0.jpg
142,data/imgs.new.CIVS\S86_UST1_USB0_Sun0_Wnd0_Rn0_Hail0_Snw0_Qke0.25_Nado0_AST0.jpg
143,data/imgs.new.CIVS\S61_UST0_USB1_Sun0_Wnd0_Rn0_Hail0_Snw1_Qke0_Nado0_AST0.jpg
144,data/imgs.new.CIVS\S141_UST0_USB1_Sun0_Wnd0_Rn1_Hail0_Snw0_Qke0_Nado0_AST0.jpg
145,data/imgs.new.CIVS\S92_UST1_USB1_Sun0_Wnd0_Rn0_Hail0_Snw0_Qke0_Nado0.25_AST0.jpg
146,data/imgs.new.CIVS\S62_UST1_USB1_Sun0_Wnd0_Rn0_Hail0_Snw0.25_Qke0_Nado0_AST0.jpg
147,data/imgs.new.CIVS\S250_UST0_USB1_Sun0_Wnd0_Rn0_Hail0_Snw0_Qke0_Nado1_AST0.jpg
148,data/imgs.new.CIVS\S211_UST1_USB0_Sun0_Wnd0_Rn0_Hail0_Snw0_Qke0_Nado0_AST1.jpg
149,data/imgs.new.CIVS\S225_UST1_USB1_Sun0_Wnd0.25_Rn0_Hail0_Snw0_Qke0_Nado0_AST0.jpg
150,data/imgs.new.CIVS\S251_UST0_USB1_Sun0_Wnd0_Rn0_Hail0_Snw0_Qke0_Nado0.25_AST0.jpg
151,data/imgs.new.CIVS\S119_UST1_USB1_Sun1_Wnd0_Rn0_Hail0_Snw0_Qke0_Nado0_AST0.jpg
152,data/imgs.new.CIVS\S228_UST1_USB0_Sun0_Wnd0.25_Rn0_Hail0_Snw0_Qke0_Nado0_AST0.jpg
153,data/imgs.new.CIVS\S167_UST1_USB1_Sun0_Wnd0_Rn0_Hail0_Snw0_Qke0_Nado0_AST0.jpg
154,data/imgs.new.CIVS\S3_UST1_USB0_Sun0_Wnd0_Rn1_Hail0_Snw0_Qke0_Nado0_AST0.jpg
155,data/imgs.new.CIVS\S179_UST1_USB1_Sun0_Wnd0_Rn0_Hail0_Snw0.5_Qke0_Nado0_AST0.jpg
156,data/imgs.new.CIVS\S77_UST0_USB1_Sun0_Wnd0_Rn0_Hail0_Snw0_Qke0_Nado0.25_AST0.jpg
157,data/imgs.new.CIVS\S29_UST1_USB0_Sun0_Wnd0_Rn0_Hail0_Snw0_Qke0_Nado0.25_AST0.jpg
158,data/imgs.new.CIVS\S178_UST1_USB1_Sun0_Wnd0_Rn0_Hail0_Snw1_Qke0_Nado0_AST0.jpg
159,data/imgs.new.CIVS\S50_UST0_USB1_Sun0_Wnd0_Rn0.25_Hail0_Snw0_Qke0_Nado0_AST0.jpg
160,data/imgs.new.CIVS\S63_UST1_USB1_Sun0_Wnd0_Rn0_Hail0_Snw0.5_Qke0_Nado0_AST0.jpg
161,data/imgs.new.CIVS\S89_UST0_USB1_Sun0_Wnd0_Rn0_Hail0_Snw0_Qke1_Nado0_AST0.jpg
162,data/imgs.new.CIVS\S45_UST1_USB1_Sun0_Wnd0_Rn0_Hail0_Snw0_Qke1_Nado0_AST0.jpg
163,data/imgs.new.CIVS\S126_UST1_USB0_Sun0_Wnd0_Rn0_Hail0_Snw0_Qke0_Nado0_AST1.jpg
164,data/imgs.new.CIVS\S247_UST0_USB1_Sun0_Wnd0_Rn0_Hail0_Snw0_Qke0_Nado0_AST1.jpg
165,data/imgs.new.CIVS\S249_UST1_USB1_Sun0_Wnd0_Rn0_Hail0_Snw0_Qke0_Nado1_AST0.jpg
166,data/imgs.new.CIVS\S248_UST1_USB0_Sun0_Wnd0_Rn0_Hail0_Snw0_Qke0_Nado0_AST1.jpg
167,data/imgs.new.CIVS\S149_UST1_USB1_Sun0_Wnd0_Rn0_Hail0_Snw0_Qke0.25_Nado0_AST0.jpg
168,data/imgs.new.CIVS\S82_UST1_USB1_Sun0_Wnd0_Rn0_Hail0_Snw0_Qke0_Nado0_AST1.jpg
169,data/imgs.new.CIVS\S28_UST1_USB1_Sun0_Wnd0_Rn0_Hail0_Snw0_Qke0_Nado0_AST0.jpg
170,data/imgs.new.CIVS\S232_UST0_USB1_Sun0_Wnd0_Rn0_Hail0_Snw1_Qke0_Nado0_AST0.jpg
171,data/imgs.new.CIVS\S212_UST1_USB1_Sun0_Wnd0_Rn0_Hail0_Snw0_Qke0_Nado1_AST0.jpg
172,data/imgs.new.CIVS\S34_UST1_USB0_Sun0_Wnd0_Rn0_Hail0_Snw0_Qke0_Nado0_AST1.jpg
173,data/imgs.new.CIVS\S120_UST1_USB1_Sun0_Wnd0_Rn0_Hail0_Snw0_Qke0_Nado0_AST0.jpg
174,data/imgs.new.CIVS\S43_UST0_USB1_Sun0_Wnd0_Rn0_Hail0_Snw0_Qke1_Nado0_AST0.jpg
175,data/imgs.new.CIVS\S67_UST1_USB1_Sun0_Wnd0.25_Rn0_Hail0_Snw0_Qke0_Nado0_AST0.jpg
176,data/imgs.new.CIVS\S187_UST1_USB0_Sun0_Wnd0_Rn0_Hail0_Snw0.25_Qke0_Nado0_AST0.jpg
177,data/imgs.new.CIVS\S136_UST1_USB1_Sun0_Wnd0_Rn0_Hail0_Snw0_Qke0.25_Nado0_AST0.jpg
178,data/imgs.new.CIVS\S54_UST1_USB1_Sun0_Wnd0_Rn0.5_Hail0_Snw0_Qke0_Nado0_AST0.jpg
179,data/imgs.new.CIVS\S271_UST0_USB1_Sun0_Wnd0_Rn0_Hail0_Snw0.25_Qke0_Nado0_AST0.jpg
180,data/imgs.new.CIVS\S176_UST0_USB1_Sun0_Wnd0.25_Rn0_Hail0_Snw0_Qke0_Nado0_AST0.jpg
181,data/imgs.new.CIVS\S97_UST0_USB1_Sun0_Wnd0_Rn0.5_Hail0_Snw0_Qke0_Nado0_AST0.jpg
182,data/imgs.new.CIVS\S164_UST0_USB1_Sun0_Wnd0_Rn0_Hail0_Snw0_Qke0_Nado0.25_AST0.jpg
183,data/imgs.new.CIVS\S93_UST1_USB0_Sun0_Wnd0_Rn0.25_Hail0_Snw0_Qke0_Nado0_AST0.jpg
184,data/imgs.new.CIVS\S168_UST1_USB1_Sun1_Wnd0_Rn0_Hail0_Snw0_Qke0_Nado0_AST0.jpg
185,data/imgs.new.CIVS\S118_UST0_USB1_Sun1_Wnd0_Rn0_Hail0_Snw0_Qke0_Nado0_AST0.jpg
186,data/imgs.new.CIVS\S204_UST1_USB0_Sun0_Wnd0_Rn0_Hail0_Snw0_Qke0.25_Nado0_AST0.jpg
187,data/imgs.new.CIVS\S5_UST0_USB1_Sun0_Wnd0_Rn0.5_Hail0_Snw0_Qke0_Nado0_AST0.jpg
188,data/imgs.new.CIVS\S272_UST1_USB0_Sun0_Wnd0_Rn0_Hail0_Snw1_Qke0_Nado0_AST0.jpg
189,data/imgs.new.CIVS\S115_UST0_USB1_Sun0_Wnd1_Rn0_Hail0_Snw0_Qke0_Nado0_AST0.jpg
190,data/imgs.new.CIVS\S32_UST0_USB1_Sun0_Wnd0_Rn0_Hail0_Snw0_Qke0_Nado1_AST0.jpg
191,data/imgs.new.CIVS\S157_UST1_USB0_Sun0_Wnd0_Rn0_Hail1_Snw0_Qke0_Nado0_AST0.jpg
192,data/imgs.new.CIVS\S242_UST1_USB1_Sun0_Wnd0_Rn0_Hail1_Snw0_Qke0_Nado0_AST0.jpg
193,data/imgs.new.CIVS\S130_UST0_USB1_Sun0_Wnd0_Rn0_Hail1_Snw0_Qke0_Nado0_AST0.jpg
194,data/imgs.new.CIVS\S91_UST1_USB1_Sun0_Wnd0_Rn0_Hail0_Snw0_Qke1_Nado0_AST0.jpg
195,data/imgs.new.CIVS\S265_UST1_USB1_Sun0_Wnd0_Rn0_Hail0_Snw1_Qke0_Nado0_AST0.jpg
196,data/imgs.new.CIVS\S214_UST0_USB1_Sun0_Wnd0_Rn0_Hail0_Snw0_Qke0_Nado0.25_AST0.jpg
197,data/imgs.new.CIVS\S42_UST0_USB1_Sun0_Wnd0_Rn0_Hail0_Snw0_Qke0.25_Nado0_AST0.jpg
198,data/imgs.new.CIVS\S223_UST0_USB1_Sun0_Wnd1_Rn0_Hail0_Snw0_Qke0_Nado0_AST0.jpg
199,data/imgs.new.CIVS\S39_UST1_USB1_Sun0_Wnd0_Rn0_Hail1_Snw0_Qke0_Nado0_AST0.jpg
200,data/imgs.new.CIVS\S75_UST1_USB0_Sun0_Wnd0_Rn0_Hail0_Snw0_Qke0_Nado0.25_AST0.jpg
201,data/imgs.new.CIVS\S231_UST1_USB1_Sun0_Wnd0_Rn0_Hail0_Snw0.25_Qke0_Nado0_AST0.jpg
202,data/imgs.new.CIVS\S56_UST1_USB0_Sun0_Wnd0_Rn0_Hail0_Snw0.25_Qke0_Nado0_AST0.jpg
203,data/imgs.new.CIVS\S174_UST1_USB0_Sun0_Wnd1_Rn0_Hail0_Snw0_Qke0_Nado0_AST0.jpg
204,data/imgs.new.CIVS\S114_UST1_USB0_Sun0_Wnd1_Rn0_Hail0_Snw0_Qke0_Nado0_AST0.jpg
205,data/imgs.new.CIVS\S8_UST1_USB1_Sun0_Wnd0_Rn0.5_Hail0_Snw0_Qke0_Nado0_AST0.jpg
206,data/imgs.new.CIVS\S23_UST0_USB1_Sun0_Wnd1_Rn0_Hail0_Snw0_Qke0_Nado0_AST0.jpg
207,data/imgs.new.CIVS\S36_UST1_USB1_Sun0_Wnd0_Rn0_Hail0_Snw0_Qke0_Nado0_AST1.jpg
208,data/imgs.new.CIVS\S262_UST1_USB1_Sun0_Wnd0.25_Rn0_Hail0_Snw0_Qke0_Nado0_AST0.jpg
209,data/imgs.new.CIVS\S12_UST1_USB0_Sun0_Wnd0_Rn0_Hail0_Snw1_Qke0_Nado0_AST0.jpg
210,data/imgs.new.CIVS\S215_UST1_USB0_Sun0_Wnd0_Rn0_Hail0_Snw0_Qke0_Nado1_AST0.jpg
211,data/imgs.new.CIVS\S260_UST0_USB1_Sun0_Wnd1_Rn0_Hail0_Snw0_Qke0_Nado0_AST0.jpg
212,data/imgs.new.CIVS\S9_UST1_USB1_Sun0_Wnd0_Rn1_Hail0_Snw0_Qke0_Nado0_AST0.jpg
213,data/imgs.new.CIVS\S170_UST1_USB1_Sun0_Wnd1_Rn0_Hail0_Snw0_Qke0_Nado0_AST0.jpg
214,data/imgs.new.CIVS\S11_UST1_USB0_Sun0_Wnd0_Rn0_Hail0_Snw0.5_Qke0_Nado0_AST0.jpg
215,data/imgs.new.CIVS\S153_UST1_USB0_Sun0_Wnd0_Rn0_Hail0_Snw0_Qke1_Nado0_AST0.jpg
216,data/imgs.new.CIVS\S38_UST0_USB1_Sun0_Wnd0_Rn0_Hail1_Snw0_Qke0_Nado0_AST0.jpg
217,data/imgs.new.CIVS\S180_UST1_USB1_Sun0_Wnd0_Rn0_Hail0_Snw0.25_Qke0_Nado0_AST0.jpg
218,data/imgs.new.CIVS\S85_UST1_USB1_Sun0_Wnd0_Rn0_Hail1_Snw0_Qke0_Nado0_AST0.jpg
219,data/imgs.new.CIVS\S188_UST1_USB1_Sun0_Wnd0_Rn1_Hail0_Snw0_Qke0_Nado0_AST0.jpg
